{"cameraMode":{"drawMode":0,"name":"Shaded","section":"Shading Mode"},"sceneLighting":false,"audioPlay":false,"sceneViewState":{"showFog":true,"showMaterialUpdate":true,"showSkybox":true,"showFlares":true,"showImageEffects":true,"showParticleSystems":true},"in2DMode":false,"pivot":{"x":387.5239562988281,"y":878.5211181640625,"z":388.1949157714844},"rotation":{"x":-0.05337296798825264,"y":0.00090596335940063,"z":-0.000048842717660591006,"w":-0.9985742568969727},"size":903.4820556640625,"orthographic":false}